https://medium.com/odds-team/stats/stories,,
Date,Article,Author
2020/01/02,‡∏ú‡∏•‡∏Ç‡∏≠‡∏á‡∏Å‡∏≤‡∏£‡πÇ‡∏û‡∏™‡∏ï‡πå‡∏ö‡∏ó‡∏Ñ‡∏ß‡∏≤‡∏°‡∏™‡∏±‡∏õ‡∏î‡∏≤‡∏´‡πå‡∏•‡∏∞‡∏≠‡∏±‡∏ô,Chokchai Phatharamalai
2020/01/05,Commit ‡∏ó‡∏∏‡∏Å‡∏•‡∏°‡∏´‡∏≤‡∏¢‡πÉ‡∏à,Pallat Anchaleechamaikorn
2020/01/09,‡∏¢‡∏¥‡πâ‡∏°,Chokchai Phatharamalai
2020/01/09,Java Developer ‡∏•‡∏≠‡∏á‡∏à‡∏±‡∏î‡∏Å‡∏≤‡∏£ Version ‡∏î‡πâ‡∏ß‡∏¢ SDK Man ‡∏î‡∏µ‡πÑ‡∏´‡∏°‡∏ô‡∏∞?,Kawee Lertrungmongkol
2020/01/12,‡πÅ‡∏õ‡∏•‡∏Å‡πÉ‡∏´‡∏°‡πà != ‡πÅ‡∏ï‡∏Å‡∏ï‡πà‡∏≤‡∏á,Jane.Makub
2020/01/16,‡∏Å‡∏≤‡∏£‡∏ó‡∏≥‡∏á‡∏≤‡∏ô‡πÄ‡∏õ‡πá‡∏ô‡∏ó‡∏µ‡∏°,Chokchai Phatharamalai
2020/01/23,‡πÄ‡∏Ç‡∏µ‡∏¢‡∏ô learning objective ‡∏î‡πâ‡∏ß‡∏¢ bloom taxonomy,Chokchai Phatharamalai
2020/01/24,Cypress ‚Äî ‡πÄ‡∏Ç‡∏µ‡∏¢‡∏ô Spec ‡∏î‡πâ‡∏ß‡∏¢ Cucumber,tumit
2020/01/25,‡∏£‡∏±‡∏ö‡∏ü‡∏±‡∏á‡∏Å‡πà‡∏≠‡∏ô‡∏ô‡∏∞! ‡∏≠‡∏¢‡πà‡∏≤‡πÄ‡∏û‡∏¥‡πà‡∏á‡∏ï‡∏±‡∏î‡∏™‡∏¥‡∏ô,Amorndej <Ko-Dookie>
2020/01/25,Loading Initial Data As A Migration Step in Django Project,‡πÅ‡∏°‡∏ß‡πÉ‡∏ö‡πÑ‡∏°‡πâ ‡∏Ñ‡∏£‡∏≠‡∏á‡πÇ‡∏•‡∏Å Airmee Chanita Anuwong
2020/01/26,[iOS] : ‡∏°‡∏≤‡πÄ‡∏Ç‡∏µ‡∏¢‡∏ô Unit Test ‡πÄ‡∏•‡πà‡∏ô‡πÜ‡πÉ‡∏ô Playground ‡∏Å‡∏±‡∏ô,Chayawat Suntornrak
2020/01/27,Cypress ‚Äî Run Cypress ‡∏ö‡∏ô Jenkins,tumit
2020/01/27,‡∏ö‡∏±‡∏ô‡∏ó‡∏∂‡∏Å‡∏Å‡∏≤‡∏£‡πÉ‡∏ä‡πâ Wiremock ‡∏à‡∏≥‡∏•‡∏≠‡∏á REST API‚Äãs,Kawee Lertrungmongkol
2020/01/29,Java ‚Äî ‡πÄ‡∏î‡∏µ‡πã‡∏¢‡∏ß‡∏ô‡∏µ‡πâ Java ‡∏°‡∏±‡∏ô‡πÄ‡∏™‡∏µ‡∏¢‡∏ï‡∏±‡∏á‡∏Ñ‡πå‡πÅ‡∏•‡πâ‡∏ß‡πÄ‡∏´‡∏£‡∏≠ ?,tumit
2020/01/29,‡∏≠‡∏¢‡∏≤‡∏Å‡πÄ‡∏Ç‡∏µ‡∏¢‡∏ô Unit Test ‡∏î‡πâ‡∏ß‡∏¢ Jest ‡πÉ‡∏ô Angular8,Nitcharee Patkhunjiratawol
2020/01/29,Cypress ‚Äî ‡∏£‡∏±‡∏ô‡∏ú‡πà‡∏≤‡∏ô dockerfile agent,tumit
2020/01/30,‡∏ï‡∏±‡πâ‡∏á‡πÄ‡∏õ‡πâ‡∏≤‡∏´‡∏°‡∏≤‡∏¢ ‡∏Ñ‡πà‡∏≠‡∏¢‡πÜ‡πÄ‡∏ï‡∏¥‡∏°‡πÄ‡∏ï‡πá‡∏° ‡πÅ‡∏•‡∏∞‡∏™‡∏ô‡∏∏‡∏Å‡πÑ‡∏õ‡∏Å‡∏±‡∏ö‡∏°‡∏±‡∏ô,Amorndej <Ko-Dookie>
2020/01/30,Design decision ‡∏à‡∏≤‡∏Å CFO,Chokchai Phatharamalai
2020/01/30,Cypress ‚Äî ‡∏Å‡∏±‡∏ö Cucumber ‡∏ö‡∏ô Vscode,tumit
2020/01/31,‡∏á‡∏≤‡∏ô‡πÇ‡∏Ñ‡πâ‡∏ä‡∏Ñ‡∏∑‡∏≠‡∏á‡∏≤‡∏ô‡∏®‡∏¥‡∏•‡∏õ‡∏∞ ‡πÅ‡∏•‡∏∞ ‡∏®‡∏¥‡∏•‡∏õ‡∏∞‡∏°‡∏±‡∏ô‡∏ï‡πâ‡∏≠‡∏á‡πÉ‡∏ä‡πâ‡πÄ‡∏ß‡∏•‡∏≤,Amorndej <Ko-Dookie>
2020/02/01,‡πÄ‡∏•‡πà‡∏≤‡∏™‡∏π‡πà‡∏Å‡∏±‡∏ô‡∏ü‡∏±‡∏á NVC (Nonviolence Communication) ‡∏Å‡∏≤‡∏£‡∏™‡∏∑‡πà‡∏≠‡∏™‡∏≤‡∏£‡πÄ‡∏û‡∏∑‡πà‡∏≠(‡∏™‡∏±‡∏ô‡∏ï‡∏¥) ‡∏™‡∏≤‡∏ô‡∏™‡∏±‡∏°‡∏û‡∏±‡∏ô‡∏ò‡πå ‡∏ï‡∏≠‡∏ô‡∏ó‡∏µ‡πà 1: ‡∏Å‡∏≤‡∏£‡∏™‡∏±‡∏á‡πÄ‡∏Å‡∏ï ‡πÑ‡∏°‡πà‡πÉ‡∏ä‡πà‡∏Å‡∏≤‡∏£‡∏ï‡∏µ‡∏Ñ‡∏ß‡∏≤‡∏° (‡∏Å‡∏≤‡∏£‡∏™‡∏∑‡πà‡∏≠‡∏™‡∏≤‡∏£‡πÅ‡∏ö‡∏ö Empathy),Dark_Spirit (Warm)
2020/02/02,‡πÄ‡∏•‡πà‡∏≤‡πÉ‡∏´‡πâ‡∏ü‡∏±‡∏á NVC ‡∏Å‡∏≤‡∏£‡∏™‡∏∑‡πà‡∏≠‡∏™‡∏≤‡∏£‡πÄ‡∏û‡∏∑‡πà‡∏≠‡∏™‡∏≤‡∏ô‡∏™‡∏±‡∏°‡∏û‡∏±‡∏ô‡∏ò‡πå : ‡∏ï‡∏≠‡∏ô 2 ‡∏Ñ‡∏ß‡∏≤‡∏°‡∏£‡∏π‡πâ‡∏™‡∏∂‡∏Å ‡πÑ‡∏°‡πà‡πÉ‡∏ä‡πà ‡∏Ñ‡∏ß‡∏≤‡∏°‡∏Ñ‡∏¥‡∏î (‡∏£‡∏π‡πâ‡πÄ‡∏Ñ‡πâ‡∏≤ ‡∏£‡∏π‡πâ‡πÄ‡∏£‡∏≤ ‡∏Ñ‡∏∏‡∏¢ 100 ‡∏Ñ‡∏£‡∏±‡πâ‡∏á ‡πÄ‡∏Ç‡πâ‡∏≤‡πÉ‡∏à 100 ‡∏Ñ‡∏£‡∏±‡πâ‡∏á),Dark_Spirit (Warm)
2020/02/03,‡πÄ‡∏•‡πà‡∏≤‡πÄ‡∏Ç‡πâ‡∏°‡πÜ NVC ‡∏Å‡∏≤‡∏£‡∏™‡∏∑‡πà‡∏≠‡∏™‡∏≤‡∏£‡πÄ‡∏û‡∏∑‡πà‡∏≠‡∏™‡∏≤‡∏ô‡∏™‡∏±‡∏°‡∏û‡∏±‡∏ô‡∏ò‡πå : ‡∏ï‡∏≠‡∏ô 3 ‡∏Ñ‡∏ß‡∏≤‡∏°‡∏ï‡πâ‡∏≠‡∏á‡∏Å‡∏≤‡∏£ ‡πÑ‡∏°‡πà‡πÉ‡∏ä‡πà ‡∏ß‡∏¥‡∏ò‡∏µ‡∏Å‡∏≤‡∏£ (‡∏≠‡∏¢‡∏≤‡∏Å‡πÑ‡∏î‡πâ‡∏≠‡∏∞‡πÑ‡∏£‡πÉ‡∏´‡πâ‡∏ö‡∏≠‡∏Å‡∏°‡∏≤),Dark_Spirit (Warm)
2020/02/03,‡πÄ‡∏•‡πà‡∏≤‡∏´‡∏°‡∏î‡πÄ‡∏õ‡∏•‡∏∑‡∏≠‡∏ÅNVC ‡∏Å‡∏≤‡∏£‡∏™‡∏∑‡πà‡∏≠‡∏™‡∏≤‡∏£‡πÄ‡∏û‡∏∑‡πà‡∏≠‡∏™‡∏≤‡∏ô‡∏™‡∏±‡∏°‡∏û‡∏±‡∏ô‡∏ò‡πå : ‡∏ï‡∏≠‡∏ô‡∏à‡∏ö‡πÅ‡∏•‡∏∞‡∏ï‡∏≠‡∏ô‡πÅ‡∏ñ‡∏° ‡∏Å‡∏≤‡∏£‡∏£‡πâ‡∏≠‡∏á‡∏Ç‡∏≠ ‡πÑ‡∏°‡πà‡πÉ‡∏ä‡πà ‡∏Å‡∏≤‡∏£‡πÄ‡∏£‡∏µ‡∏¢‡∏Å‡∏£‡πâ‡∏≠‡∏á ‡πÅ‡∏•‡∏∞ ‡∏†‡∏≤‡∏©‡∏≤‡∏´‡∏°‡∏≤‡∏õ‡πà‡∏≤ ‡∏†‡∏≤‡∏©‡∏≤‡∏¢‡∏µ‡∏£‡∏≤‡∏ü,Dark_Spirit (Warm)
2020/02/04,‡∏Ñ‡∏ß‡∏≤‡∏°‡∏™‡∏≤‡∏°‡∏±‡∏Ñ‡∏Ñ‡∏µ‡∏õ‡∏•‡∏≠‡∏° ‡πÜ,‡πÅ‡∏°‡∏ß‡πÉ‡∏ö‡πÑ‡∏°‡πâ ‡∏Ñ‡∏£‡∏≠‡∏á‡πÇ‡∏•‡∏Å Airmee Chanita Anuwong
2020/02/06,Gource,Chokchai Phatharamalai
2020/02/06,‡∏≠‡∏¢‡∏≤‡∏Å‡∏î‡∏π Code Coverage Report ‡∏ö‡∏ô .Net Core ‡πÅ‡∏ö‡∏ö‡∏á‡πà‡∏≤‡∏¢‡πÜ,Nitcharee Patkhunjiratawol
2020/02/06,‡πÄ‡∏ß‡∏•‡∏≤‡πÄ‡∏à‡∏≠‡∏õ‡∏±‡∏ç‡∏´‡∏≤‡∏ó‡∏±‡∏ö ‡∏à‡∏á‡∏≠‡∏¢‡∏π‡πà‡∏ô‡∏¥‡πà‡∏á‡πÜ ‡∏≠‡∏¢‡πà‡∏≤‡∏£‡∏µ‡∏ö ‡πÅ‡∏•‡πâ‡∏ß‡∏Ñ‡πà‡∏≠‡∏¢‡πÜ ‡∏¢‡∏Å‡∏°‡∏±‡∏ô‡∏≠‡∏≠‡∏Å,Dark_Spirit (Warm)
2020/02/07,Agile ‡∏ó‡∏≥‡πÉ‡∏´‡πâ‡πÄ‡∏£‡∏≤‡∏ó‡∏≥‡∏á‡∏≤‡∏ô‡πÑ‡∏î‡πâ‡∏ä‡πâ‡∏≤‡∏•‡∏á ‡πÅ‡∏ï‡πà‡∏ä‡∏±‡∏î‡∏Ç‡∏∂‡πâ‡∏ô,Dark_Spirit (Warm)
2020/02/08,MoSCoW Prioritization ‡πÑ‡∏°‡πà‡πÉ‡∏ä‡πà‡∏£‡∏±‡∏™‡πÄ‡∏ã‡∏µ‡∏¢ ‡πÅ‡∏ï‡πà‡πÑ‡∏ß‡πâ‡πÉ‡∏ä‡πâ‡∏Ñ‡∏∏‡πâ‡∏¢‡πÄ‡∏Ç‡∏µ‡πà‡∏¢ Priority,Dark_Spirit (Warm)
2020/02/10,‡∏Ñ‡∏£‡∏±‡πâ‡∏á‡πÅ‡∏£‡∏Å‡∏Å‡∏±‡∏ö‡∏õ‡∏£‡∏∞‡∏™‡∏ö‡∏Å‡∏≤‡∏£‡∏ì‡πå‡∏à‡∏±‡∏î‡∏á‡∏≤‡∏ô JavaScript Bangkok 1.0.0‡πÉ‡∏ô‡∏õ‡∏µ 2020,Phatcharaphan Ananpreechakun
2020/02/12,‡∏Ç‡πâ‡∏≠‡∏Ñ‡∏¥‡∏î‡∏à‡∏≤‡∏Å‡∏Ñ‡∏•‡∏≤‡∏™ Facilitative Training #2 ‡∏≠‡∏∏‡∏õ‡∏Å‡∏£‡∏ì‡πå‡∏ò‡∏£‡∏£‡∏°‡∏î‡∏≤‡∏ó‡∏µ‡πà‡πÑ‡∏°‡πà‡∏ò‡∏£‡∏£‡∏°‡∏î‡∏≤,Dark_Spirit (Warm)
2020/02/13,Organizational debt,Chokchai Phatharamalai
2020/02/17,‡∏°‡∏≤‡πÄ‡∏Ç‡∏µ‡∏¢‡∏ô End-to-end testing in React Native with Detox ‡∏Å‡∏±‡∏ô,Phatcharaphan Ananpreechakun
2020/02/18,Cypress ‚Äî ‡πÅ‡∏¢‡∏Å Step Definitions,tumit
2020/02/20,Empathic listening ‡∏Å‡∏≤‡∏£‡∏ü‡∏±‡∏á‡∏î‡πâ‡∏ß‡∏¢‡∏´‡∏±‡∏ß‡πÉ‡∏à,Chokchai Phatharamalai
2020/02/27,‡∏à‡∏±‡∏Å‡∏£‡∏ß‡∏≤‡∏•‡∏à‡∏±‡∏î‡∏™‡∏£‡∏£,Chokchai Phatharamalai
2020/03/04,Shebang ‡πÅ‡∏ö‡∏á ‡πÅ‡∏ö‡∏á ‡πÅ‡∏ö‡∏á,Chonlasith Jucksriporn
2020/03/05,Super Solar Enlightenment ‡∏Ç‡∏≠‡∏á‡πÅ‡∏≠‡∏£‡πå‡∏´‡∏°‡∏µ,Chokchai Phatharamalai
2020/03/12,‡∏´‡∏±‡∏ß‡∏´‡∏ô‡πâ‡∏≤‡∏Ñ‡∏£‡∏±‡∏ö ‡∏ö‡∏≠‡∏Å‡∏î‡πâ‡∏ß‡∏¢‡πÑ‡∏î‡πâ‡πÑ‡∏´‡∏° ‡∏ß‡πà‡∏≤‡∏ó‡∏≥‡∏ó‡∏≥‡πÑ‡∏°?,Chokchai Phatharamalai
2020/03/14,‡πÄ‡∏Ç‡∏µ‡∏¢‡∏ô‡πÇ‡∏Ñ‡πâ‡∏î‡πÄ‡∏õ‡πá‡∏ô‡∏ß‡∏¥‡∏ó‡∏¢‡∏≤‡∏®‡∏≤‡∏™‡∏ï‡∏£‡πå,Pallat Anchaleechamaikorn
2020/03/19,Mindful walk,Chokchai Phatharamalai
2020/03/19,SFH (Scrum From Home) Preparation and What Do PO do when WFH (Work From Home),Dark_Spirit (Warm)
2020/03/19,Distribute app ‡∏Ç‡∏≠‡∏á‡πÄ‡∏£‡∏≤‡∏•‡∏á‡∏™‡∏π‡πà device ‡∏î‡πâ‡∏ß‡∏¢ Firebase app distribution,Phatcharaphan Ananpreechakun
2020/03/20,‡∏Ñ‡∏ß‡∏≤‡∏°‡∏Ç‡∏±‡∏î‡πÅ‡∏¢‡πâ‡∏á‡∏Ñ‡∏∑‡∏≠‡∏ò‡∏£‡∏£‡∏°‡∏ä‡∏≤‡∏ï‡∏¥,‡πÅ‡∏°‡∏ß‡πÉ‡∏ö‡πÑ‡∏°‡πâ ‡∏Ñ‡∏£‡∏≠‡∏á‡πÇ‡∏•‡∏Å Airmee Chanita Anuwong
2020/03/20,‡∏õ‡∏±‡∏ç‡∏´‡∏≤ ‡πÅ‡∏•‡∏∞‡∏Ñ‡∏ß‡∏≤‡∏°‡∏Ñ‡∏¥‡∏î‡πÄ‡∏´‡πá‡∏ô‡∏ó‡∏µ‡πà‡πÅ‡∏ï‡∏Å‡∏ï‡πà‡∏≤‡∏á,‡πÅ‡∏°‡∏ß‡πÉ‡∏ö‡πÑ‡∏°‡πâ ‡∏Ñ‡∏£‡∏≠‡∏á‡πÇ‡∏•‡∏Å Airmee Chanita Anuwong
2020/03/21,go import gitlab,Pallat Anchaleechamaikorn
2020/03/23,‡∏≠‡∏¢‡πà‡∏≤‡πÄ‡∏≠‡∏≤‡∏Ñ‡∏ß‡∏≤‡∏°‡∏£‡∏π‡πâ‡∏à‡∏≥‡∏â‡∏±‡∏ô‡πÑ‡∏õ,Kotchaphan Muangsan
2020/03/26,Undo brew upgrade,Chokchai Phatharamalai
2020/03/31,‡πÄ‡∏£‡∏∑‡πà‡∏≠‡∏á‡πÄ‡∏Å‡πà‡∏≤‡πÄ‡∏•‡πà‡∏≤‡πÉ‡∏´‡∏°‡πà ‡∏Å‡∏±‡∏ö Size Estimation,‡πÇ‡∏≠‡∏¨‡∏≤‡∏£ ‡∏≠‡∏∂‡∏á‡∏≠‡∏≥‡∏ô‡∏ß‡∏¢‡∏û‡∏£
2020/04/02,PO ‡πÑ‡∏°‡πà‡πÉ‡∏´‡πâ‡πÄ‡∏ß‡∏•‡∏≤ cleanup code ‡πÄ‡∏•‡∏¢‚Ä¶,Chokchai Phatharamalai
2020/04/02,Build NodeJS project ‡∏ö‡∏ô alpine‚Ä¶ ‡∏û‡∏±‡∏á!!,Chonlasith Jucksriporn
2020/04/04,iOS Swift Auto Layout Constraints in Code,Phatcharaphan Ananpreechakun
2020/04/05,‡πÄ‡∏Ç‡πâ‡∏≤‡πÉ‡∏à‡∏û‡∏∑‡πâ‡∏ô‡∏ê‡∏≤‡∏ô‡∏Å‡∏≤‡∏£‡∏û‡∏±‡∏í‡∏ô‡∏≤‡∏ó‡∏µ‡∏°‡∏î‡πâ‡∏ß‡∏¢ Tuckman‚Äôs stages of group development,Roof 44 Panichsombat
2020/04/05,[.Net Core WebApi] ‡∏ß‡∏¥‡∏ò‡∏µ‡∏Å‡∏≤‡∏£‡∏ï‡∏±‡πâ‡∏á‡πÄ‡∏ß‡∏•‡∏≤‡πÉ‡∏´‡πâ function ‡∏´‡∏£‡∏∑‡∏≠ jobs ‡∏ó‡∏≥‡∏á‡∏≤‡∏ô ‡∏î‡πâ‡∏ß‡∏¢ Hangfire ‡πÅ‡∏ö‡∏ö Step By Step,Chaiyarin Niamsuwan
2020/04/09,Work from home,Chokchai Phatharamalai
2020/04/16,‡∏ú‡∏°‡∏û‡∏£‡πâ‡∏≠‡∏°‡∏à‡∏∞‡∏ï‡∏¥‡∏î COVID ‡πÄ‡∏ö‡∏≠‡∏£‡πå‡πÑ‡∏´‡∏ô?,Chokchai Phatharamalai
2020/04/18,‡∏™‡∏•‡∏±‡∏ö‡∏°‡∏≤‡πÉ‡∏ä‡πâ Python3 ‡∏î‡πâ‡∏ß‡∏¢ link,‡πÅ‡∏°‡∏ß‡πÉ‡∏ö‡πÑ‡∏°‡πâ ‡∏Ñ‡∏£‡∏≠‡∏á‡πÇ‡∏•‡∏Å Airmee Chanita Anuwong
2020/04/19,‡∏ó‡∏≥‡πÉ‡∏´‡πâ terminal/iTerm2 ‡∏°‡∏µ emoji ‡∏Ç‡∏∂‡πâ‡∏ô random + syntax hi-light,‡πÅ‡∏°‡∏ß‡πÉ‡∏ö‡πÑ‡∏°‡πâ ‡∏Ñ‡∏£‡∏≠‡∏á‡πÇ‡∏•‡∏Å Airmee Chanita Anuwong
2020/04/23,Pomodoro,Chokchai Phatharamalai
2020/04/25,‡∏ß‡∏¥‡∏ò‡∏µ‡∏Å‡∏≤‡∏£‡πÄ‡∏£‡∏µ‡∏¢‡∏á‡∏´‡∏ô‡πâ‡∏≤‡∏ï‡πà‡∏≤‡∏á‡∏Ñ‡∏π‡πà‡∏Å‡∏±‡∏ô ‡∏ö‡∏ô Mac,‡πÅ‡∏°‡∏ß‡πÉ‡∏ö‡πÑ‡∏°‡πâ ‡∏Ñ‡∏£‡∏≠‡∏á‡πÇ‡∏•‡∏Å Airmee Chanita Anuwong
2020/04/28,Java ‚Äî Map value to POJO object,tumit
2020/04/28,Customizing The 404 Page React Next.js,Phatcharaphan Ananpreechakun
2020/04/29,‡πÄ‡∏°‡∏∑‡πà‡∏≠‡∏î‡∏µ ‡∏î‡∏µ‡∏Å‡∏ß‡πà‡∏≤ ‡∏î‡∏µ‡∏ó‡∏µ‡πà‡∏™‡∏∏‡∏î ‚Äî When Good Better Than Best,Jane.Makub
2020/04/30,‡∏ï‡∏¥‡∏î‡πÄ‡∏Å‡∏°,Chokchai Phatharamalai
2020/04/30,‡πÄ‡∏£‡πÇ‡∏ó‡∏£ ‡∏™‡∏∞‡πÄ‡∏õ‡πá‡∏Ñ‡∏ó‡∏µ‡∏ü ‡∏ó‡∏µ‡∏° Aircraft F1 ‡∏ì 30 Apr 2020,‡πÅ‡∏°‡∏ß‡πÉ‡∏ö‡πÑ‡∏°‡πâ ‡∏Ñ‡∏£‡∏≠‡∏á‡πÇ‡∏•‡∏Å Airmee Chanita Anuwong
2020/05/04,‡∏•‡∏π‡∏Å‡∏ä‡∏≤‡∏¢‡∏Ñ‡∏ô‡πÅ‡∏£‡∏Å‡πÅ‡∏ï‡πà‡∏à‡∏∞‡∏û‡∏¢‡∏≤‡∏¢‡∏≤‡∏°‡∏•‡∏≤‡∏Å‡πÑ‡∏õ‡πÄ‡∏£‡∏∑‡πà‡∏≠‡∏á User behaviors‡πÉ‡∏´‡πâ‡πÑ‡∏î‡πâ,Kamonlojn Phrompang
2020/05/04,Accountability vs Responsibility,‡πÅ‡∏°‡∏ß‡πÉ‡∏ö‡πÑ‡∏°‡πâ ‡∏Ñ‡∏£‡∏≠‡∏á‡πÇ‡∏•‡∏Å Airmee Chanita Anuwong
2020/05/05,Angular „ÅÆ Unit Testing ‚Äî Part 5 http testing,Kitphon Poonyapalang
2020/05/07,‡∏ú‡∏•‡∏à‡∏≤‡∏Å‡∏Å‡∏≤‡∏£‡∏ù‡∏∂‡∏Å Pomodoro ‡∏°‡∏≤ 1 ‡∏™‡∏±‡∏õ‡∏î‡∏≤‡∏´‡πå,Chokchai Phatharamalai
2020/05/11,‡πÄ‡∏•‡∏∑‡∏≠‡∏Å ‡∏™‡∏µ‡∏™‡∏±‡∏ô iterm2 theme,‡πÅ‡∏°‡∏ß‡πÉ‡∏ö‡πÑ‡∏°‡πâ ‡∏Ñ‡∏£‡∏≠‡∏á‡πÇ‡∏•‡∏Å Airmee Chanita Anuwong
2020/05/11,Make iterm2 look nice by importing color presets,‡πÅ‡∏°‡∏ß‡πÉ‡∏ö‡πÑ‡∏°‡πâ ‡∏Ñ‡∏£‡∏≠‡∏á‡πÇ‡∏•‡∏Å Airmee Chanita Anuwong
2020/05/14,LeSS ‡πÑ‡∏°‡πà‡πÄ‡∏´‡∏°‡∏≤‡∏∞‡∏Å‡∏±‡∏ö‡∏≠‡∏á‡∏Ñ‡πå‡∏Å‡∏£‡∏Ñ‡∏∏‡∏ì‡∏´‡∏£‡∏≠‡∏Å‡∏ñ‡πâ‡∏≤‚Ä¶,Chokchai Phatharamalai
2020/05/19,‡∏•‡∏≥‡∏î‡∏±‡∏ö‡∏Å‡∏≤‡∏£‡∏ü‡∏±‡∏á,Chokchai Phatharamalai
2020/05/21,‡∏™‡πà‡∏á‡∏Ç‡πâ‡∏≠‡∏°‡∏π‡∏•‡∏ú‡πà‡∏≤‡∏ô router ‡∏î‡πâ‡∏ß‡∏¢ Resolve‡πÉ‡∏ô Angular,Kitphon Poonyapalang
2020/05/26,‡∏•‡∏≥‡∏î‡∏±‡∏ö‡∏ï‡∏±‡∏î‡∏™‡∏¥‡∏ô‡πÉ‡∏à,Chokchai Phatharamalai
2020/05/29,‡∏Å‡∏£‡∏ì‡∏µ‡∏®‡∏∂‡∏Å‡∏©‡∏≤ Thaichana ‡∏Å‡∏±‡∏ö Bias ‡∏´‡∏ô‡∏∂‡πà‡∏á‡πÉ‡∏ô‡∏≠‡∏∏‡∏õ‡∏™‡∏£‡∏£‡∏Ñ‡πå‡∏™‡∏≥‡∏Ñ‡∏±‡∏ç‡∏Ç‡∏≠‡∏á‡∏Å‡∏≤‡∏£‡∏™‡∏£‡πâ‡∏≤‡∏á Product,Dark_Spirit (Warm)
2020/05/29,‡πÄ‡∏•‡πà‡∏≤‡πÉ‡∏´‡πâ‡∏ü‡∏±‡∏á Journey ‡∏Å‡∏≤‡∏£‡∏™‡∏°‡∏±‡∏Ñ‡∏£‡∏á‡∏≤‡∏ô‡∏î‡πâ‡∏ß‡∏¢ Facebook ‡∏ó‡∏µ‡πà‡∏á‡πà‡∏≤‡∏¢‡πÅ‡∏ö‡∏ö‡∏Ñ‡∏≤‡∏î‡πÑ‡∏°‡πà‡∏ñ‡∏∂‡∏á,Dark_Spirit (Warm)
2020/06/02,‡∏ù‡∏∂‡∏Å‡∏û‡∏¥‡∏°‡∏û‡πå,Chokchai Phatharamalai
2020/06/12,Live ‡∏Ç‡∏≤‡∏¢‡∏Ç‡∏≠‡∏á ‡∏°‡∏±‡∏ô‡πÄ‡∏Å‡∏µ‡πà‡∏¢‡∏ß‡∏Å‡∏±‡∏ö Behavioural science ‡∏¢‡∏±‡∏á‡πÑ‡∏á‡∏ô‡∏∞,Dark_Spirit (Warm)
2020/06/16,‡∏ß‡∏¥‡∏ò‡∏µ‡∏Ñ‡πâ‡∏ô‡∏£‡∏π‡∏õ‡∏ó‡∏µ‡πà‡∏°‡∏µ Creative Commons ‡∏°‡∏≤‡πÉ‡∏ä‡πâ‡πÉ‡∏ô‡∏ö‡∏ó‡∏Ñ‡∏ß‡∏≤‡∏°,Chokchai Phatharamalai
2020/06/22,‡∏á‡∏≤‡∏ô‡πÅ‡∏ö‡∏ö‡πÑ‡∏´‡∏ô‡πÄ‡∏´‡∏°‡∏≤‡∏∞‡∏Å‡∏±‡∏ö‡∏™‡∏Å‡∏£‡∏±‡∏°?,Chokchai Phatharamalai
2020/06/30,‡∏ß‡∏¥‡∏ò‡∏µ‡πÄ‡∏£‡∏µ‡∏¢‡∏ö‡πÄ‡∏£‡∏µ‡∏¢‡∏á‡∏ö‡∏ó‡∏Ñ‡∏ß‡∏≤‡∏°,Chokchai Phatharamalai
2020/07/01,‡∏ö‡∏±‡∏ô‡∏ó‡∏∂‡∏Å‡∏Å‡∏≤‡∏£‡πÄ‡∏£‡∏µ‡∏¢‡∏ô‡∏£‡∏π‡πâ ‡∏Å‡∏≤‡∏£‡πÄ‡∏Ç‡∏µ‡∏¢‡∏ô Unit Test ‡πÉ‡∏´‡πâ Vuejs Application,Supawit R
2020/07/02,‡∏Ñ‡∏ß‡∏≤‡∏°‡∏°‡∏±‡πà‡∏ô‡∏Ñ‡∏á‡πÉ‡∏ô‡∏ä‡∏µ‡∏ß‡∏¥‡∏ï,Chokchai Phatharamalai
2020/07/14,Sprint ‡∏ï‡πâ‡∏≠‡∏á‡πÑ‡∏°‡πà‡∏£‡∏π‡πâ‡∏ú‡∏•‡∏™‡∏¥ ‡∏ñ‡∏∂‡∏á‡∏à‡∏∞‡∏™‡∏ô‡∏∏‡∏Å,Chokchai Phatharamalai
2020/07/20,‡∏ó‡∏≥‡∏™‡∏Å‡∏£‡∏±‡∏°‡∏ó‡∏≥‡πÑ‡∏°‡πÑ‡∏°‡πà‡πÄ‡∏£‡πá‡∏ß?,Chokchai Phatharamalai
2020/07/27,Shaving the yak,Chokchai Phatharamalai
2020/07/27,[Django] ‡πÄ‡∏£‡∏¥‡πà‡∏°‡πÇ‡∏õ‡∏£‡πÄ‡∏à‡∏Ñ‡πÉ‡∏´‡∏°‡πà‡∏ó‡∏±‡πâ‡∏á‡∏ó‡∏µ ‡∏ï‡πâ‡∏≠‡∏á‡∏°‡∏µ‡∏≠‡∏∞‡πÑ‡∏£‡∏ö‡πâ‡∏≤‡∏á‡∏ô‡∏∞? EP.1 ‚Äî init Project,Isaman Sangbumrung
2020/07/30,‡∏ß‡∏¥‡∏ò‡∏µ‡∏Å‡∏≤‡∏£ Setup React ‡πÉ‡∏ô Ruby on Rails,Suzuki Aki
2020/08/01,[Android Architecture the series] Ep.1 MVC and MVP Concepts,Supawit R
2020/08/03,‡∏ß‡∏¥‡∏ò‡∏µ‡∏Ç‡∏≠‡∏£‡πâ‡∏≠‡∏á‡πÅ‡∏ö‡∏ö‡∏™‡∏±‡∏ô‡∏ï‡∏¥,Chokchai Phatharamalai
2020/08/05,Usability Test With New Normal,Kamonlojn Phrompang
2020/08/10,F*** Product Owner,Chokchai Phatharamalai
2020/08/10,‡∏ß‡∏¥‡∏ò‡∏µ‡∏¢‡∏∏‡∏ö‡∏´‡∏•‡∏≤‡∏¢ ‡πÜ git commit ‡πÄ‡∏õ‡πá‡∏ô‡∏´‡∏ô‡∏∂‡πà‡∏á,Chonlasith Jucksriporn
2020/08/10,‡πÄ‡∏Ç‡∏µ‡∏¢‡∏ô‡∏Ç‡πâ‡∏≠‡∏Ñ‡∏ß‡∏≤‡∏° commit ‡πÉ‡∏´‡πâ‡πÉ‡∏ä‡πâ‡∏Å‡∏±‡∏ö CI/CD ‡πÑ‡∏î‡πâ‡∏î‡πâ‡∏ß‡∏¢ Conventional Commits,Chonlasith Jucksriporn
2020/08/12,‡∏á‡∏≤‡∏ô Software ‡∏ó‡∏µ‡πà‡∏ß‡∏≤‡∏î‡∏î‡πâ‡∏ß‡∏¢‡∏™‡∏µ‡∏ô‡πâ‡∏≥‡∏°‡∏±‡∏ô,Sarawuth Chinbenjapol
2020/08/16,‡∏ß‡∏¥‡πà‡∏á‡∏õ‡∏•‡∏≠‡∏° vs ‡∏ß‡∏¥‡πà‡∏á‡∏à‡∏£‡∏¥‡∏á,Apirak
2020/08/16,‡∏Å‡∏≤‡∏£‡∏ï‡∏±‡πâ‡∏á‡∏Ñ‡πà‡∏≤‡πÉ‡∏´‡πâ Prettier ‡∏Å‡∏±‡∏ö ESLint ‡∏≠‡∏¢‡∏π‡πà‡∏£‡πà‡∏ß‡∏°‡∏Å‡∏±‡∏ô‡∏≠‡∏¢‡πà‡∏≤‡∏á‡∏™‡∏±‡∏ô‡∏ï‡∏¥‡∏™‡∏∏‡∏Çü§ù,Wongsakorn Chugasem
2020/08/17,‡∏ú‡∏°‡πÑ‡∏°‡πà‡πÄ‡∏Ç‡πâ‡∏≤‡πÉ‡∏à‡πÄ‡∏£‡∏∑‡πà‡∏≠‡∏á‡πÉ‡∏´‡πâ‡πÄ‡∏á‡∏¥‡∏ô‡∏ó‡∏≥‡∏á‡∏≤‡∏ô,Chokchai Phatharamalai
2020/08/22,‡πÄ‡∏°‡∏∑‡πà‡∏≠‡∏ú‡∏°‡πÑ‡∏î‡πâ‡∏£‡∏π‡πâ‡∏à‡∏±‡∏Å UX,A‚Äôphirat Nimanussonkul
2020/08/24,‡∏°‡∏∑‡∏≠‡πÄ‡∏õ‡∏∑‡πâ‡∏≠‡∏ô‡∏î‡∏¥‡∏ô,Chokchai Phatharamalai
2020/08/29,‡∏à‡∏≤‡∏Å 4 ‡∏•‡∏≥‡∏î‡∏±‡∏ö‡∏Ç‡∏±‡πâ‡∏ô‡∏Ç‡∏≠‡∏á‡∏Å‡∏≤‡∏£‡πÄ‡∏£‡∏µ‡∏¢‡∏ô‡∏£‡∏π‡πâ ‡∏¢‡∏≤‡∏ß‡πÑ‡∏õ‡∏à‡∏ô‡∏ñ‡∏∂‡∏á Shu-Ha-Ri-Kokoro,Chonlasith Jucksriporn
2020/08/31,‡∏£‡∏π‡πâ‡∏¢‡∏±‡∏á? ‡∏Å‡∏≤‡∏£‡πå‡∏î‡πÉ‡∏ô Jira ‡πÑ‡∏°‡πà‡∏°‡∏µ‡∏£‡πà‡∏ß‡∏á,Chokchai Phatharamalai
2020/09/01,Design thinking doesn‚Äôt work in real life? ???? (Design Thinking ‡πÑ‡∏°‡πà‡πÉ‡∏ä‡πà‡πÑ‡∏°‡πâ‡∏ß‡∏¥‡πÄ‡∏®‡∏© ‡∏à‡∏£‡∏¥‡∏á‡∏î‡∏¥),Dark_Spirit (Warm)
2020/09/02,[Android Architecture the series] Ep.2 Testing MVP,Supawit R
2020/09/07,‡πÉ‡∏´‡πâ Flow ‡πÄ‡∏õ‡πá‡∏ô‡∏à‡∏£‡∏£‡∏¢‡∏≤‡∏ö‡∏£‡∏£‡∏ì,Chokchai Phatharamalai
2020/09/14,MVP ‡∏ó‡∏µ‡∏°‡πÅ‡∏û‡πâ,Chokchai Phatharamalai
2020/09/21,Pair programming 4 ‡πÅ‡∏ö‡∏ö,Chokchai Phatharamalai
2020/09/28,‡∏Å‡∏≤‡∏£‡πÉ‡∏´‡πâ vs ‡∏´‡∏ß‡πà‡∏≤‡∏ô‡∏û‡∏∑‡∏ä‡∏´‡∏ß‡∏±‡∏á‡∏ú‡∏•,Chokchai Phatharamalai
2020/09/28,Self-organizing Team ‡πÑ‡∏°‡πà‡πÉ‡∏ä‡πà‡∏á‡πà‡∏≤‡∏¢,‡πÅ‡∏°‡∏ß‡πÉ‡∏ö‡πÑ‡∏°‡πâ ‡∏Ñ‡∏£‡∏≠‡∏á‡πÇ‡∏•‡∏Å Airmee Chanita Anuwong
2020/09/30,UX Usability Heuristic 1/10 (‡∏£‡∏∞‡∏ö‡∏ö‡∏ö‡∏≠‡∏Å‡∏â‡∏±‡∏ô‡∏´‡∏ô‡πà‡∏≠‡∏¢),Sarawuth Chinbenjapol
2020/10/01,UxUi ‡πÇ‡∏•‡∏Å‡πÄ‡∏™‡∏°‡∏∑‡∏≠‡∏ô‡∏à‡∏£‡∏¥‡∏á‡∏ó‡∏µ‡πà‡∏≠‡∏¢‡∏π‡πà‡πÉ‡∏ô‡∏´‡∏ô‡πâ‡∏≤‡∏à‡∏≠,Sarawuth Chinbenjapol
2020/10/01,‡∏´‡∏•‡∏±‡∏Å‡∏Å‡∏≤‡∏£‡∏Ç‡∏≠‡∏á‡πÅ‡∏Ç‡πá‡∏á? SOLID Principles,Supawit R
2020/10/05,NO BROKEN WINDOWS,Chokchai Phatharamalai
2020/10/06,‡∏ó‡∏≥‡πÉ‡∏´‡πâ App ‡∏Ç‡∏≠‡∏á‡πÄ‡∏£‡∏≤‡∏£‡∏π‡πâ‡∏™‡∏∂‡∏Å‡∏õ‡∏•‡∏≠‡∏î‡∏†‡∏±‡∏¢,Sarawuth Chinbenjapol
2020/10/12,‡∏ó‡∏≥‡πÑ‡∏°‡∏ñ‡∏∂‡∏á‡∏´‡πâ‡∏≤‡∏°‡πÇ‡∏ó‡∏£‡∏®‡∏±‡∏û‡∏ó‡πå‡∏ï‡∏≠‡∏ô‡∏Ç‡∏±‡∏ö‡∏£‡∏ñ?,Chokchai Phatharamalai
2020/10/19,Elite ‡πÉ‡∏ô ODDS,Chokchai Phatharamalai
2020/10/20,‡∏ß‡∏£‡∏¢‡∏∏‡∏ó‡∏ò‡πå‡πÑ‡∏£‡πâ‡∏Å‡∏£‡∏∞‡∏ö‡∏ß‡∏ô‡∏ó‡πà‡∏≤ ‡πÑ‡∏£‡πâ‡∏ï‡∏≥‡πÅ‡∏´‡∏ô‡πà‡∏á ‡πÑ‡∏£‡πâ‡∏´‡∏±‡∏ß‡∏´‡∏ô‡πâ‡∏≤ ‡∏ó‡∏≥‡∏á‡∏≤‡∏ô‡πÑ‡∏î‡πâ‡∏î‡πâ‡∏ß‡∏¢‡∏´‡∏£‡∏∑‡∏≠?,‡πÅ‡∏°‡∏ß‡πÉ‡∏ö‡πÑ‡∏°‡πâ ‡∏Ñ‡∏£‡∏≠‡∏á‡πÇ‡∏•‡∏Å Airmee Chanita Anuwong
2020/10/26,‡∏ó‡∏≥‡πÑ‡∏°‡∏™‡∏Å‡∏£‡∏±‡∏°‡∏ñ‡∏∂‡∏á‡πÉ‡∏´‡πâ fix team,Chokchai Phatharamalai
2020/10/26,Property-Based Testing ‡∏°‡∏±‡∏ô‡πÄ‡∏õ‡πá‡∏ô‡πÑ‡∏á‡∏ô‡∏∞,Roof 44 Panichsombat
2020/10/26,‡∏û‡∏•‡∏±‡∏á‡∏Ç‡∏≠‡∏á Inspect & Adapt,‡πÇ‡∏≠‡∏¨‡∏≤‡∏£ ‡∏≠‡∏∂‡∏á‡∏≠‡∏≥‡∏ô‡∏ß‡∏¢‡∏û‡∏£
2020/10/26,‡∏ß‡∏¥‡∏ò‡∏µ Deploy Angular App ‡∏ö‡∏ô GitHub Pages,Phatcharaphan Ananpreechakun
2020/11/01,Heuristics ‡πÄ‡∏£‡∏∑‡πà‡∏≠‡∏á ‡∏Ñ‡∏ß‡∏≤‡∏°‡∏™‡∏≠‡∏î‡∏Ñ‡∏•‡πâ‡∏≠‡∏á ‡πÅ‡∏•‡∏∞ ‡∏Å‡∏≤‡∏£‡πÉ‡∏ä‡πâ components ‡∏°‡∏≤‡∏£‡∏ï‡∏£‡∏ê‡∏≤‡∏ô,Sarawuth Chinbenjapol
2020/11/02,Observer Design Pattern ‡∏°‡∏±‡∏ô‡∏¢‡∏±‡∏á‡πÑ‡∏á‡∏ô‡∏∞ ?,Supawit R
2020/11/02,‡∏´‡∏≤‡πÄ‡∏£‡∏∑‡πà‡∏≠‡∏á‡∏Ñ‡∏∏‡∏¢‡πÄ‡∏£‡∏∑‡πà‡∏≠‡∏á‡πÄ‡∏î‡∏µ‡∏¢‡∏ß‡∏Å‡∏±‡∏ô,Chokchai Phatharamalai
2020/11/09,‡∏Å‡∏∏‡∏´‡∏•‡∏≤‡∏ö‡πÑ‡∏£‡πâ‡∏´‡∏ô‡∏≤‡∏°,Chokchai Phatharamalai
2020/11/09,‡∏à‡∏á‡∏ô‡∏∂‡∏Å‡∏ñ‡∏∂‡∏á Simplicity ‡∏Å‡πà‡∏≠‡∏ô Generality ‡πÅ‡∏•‡∏∞ Use ‡∏Å‡πà‡∏≠‡∏ô Reuse,Kan Ouivirach
2020/11/09,‡∏°‡∏≤‡πÄ‡∏•‡πà‡∏ô Sentiment Analysis ‡πÇ‡∏î‡∏¢‡πÉ‡∏ä‡πâ Python ‡∏Å‡∏±‡∏ô,Kan Ouivirach
2020/11/10,‡∏ö‡∏±‡πä‡∏Å‡πÄ‡∏ò‡∏≠‡∏à‡∏£‡∏¥‡∏á‡πÜ,Pallat Anchaleechamaikorn
2020/11/11,‡πÑ‡∏°‡πà‡∏ï‡πâ‡∏≠‡∏á‡∏£‡∏π‡πâ‡∏Å‡πá‡πÑ‡∏î‡πâ ‚Äî Argument vs Parameter ‡∏ï‡πà‡∏≤‡∏á‡∏Å‡∏±‡∏ô‡∏¢‡∏±‡∏á‡πÑ‡∏á ?,tumit
2020/11/13,Optimistic UI ‡∏î‡∏µ‡∏ï‡πà‡∏≠‡πÉ‡∏à‡∏¢‡∏±‡∏á‡πÑ‡∏á~~~ [Frontend 101],JJ Witaya
2020/11/13,I have no life,Pallat Anchaleechamaikorn
2020/11/14,Trillion Dollar Coach ‡πÇ‡∏Ñ‡πâ‡∏ä‡πÅ‡∏´‡πà‡∏á‡∏ã‡∏¥‡∏•‡∏¥‡∏Ñ‡∏≠‡∏ô‡πÅ‡∏ß‡∏•‡∏•‡∏µ‡∏¢‡πå ‡∏ö‡∏¥‡∏• ‡πÅ‡∏Ñ‡∏°‡∏õ‡πå‡πÄ‡∏ö‡∏•‡∏•‡πå‚Ä¶ ‡∏≠‡∏µ‡∏£‡∏¥‡∏Å ‡∏ä‡∏°‡∏¥‡∏î‡∏ï‡πå ‡πÇ‡∏à‡∏ô‡∏≤‡∏ò‡∏≤‡∏ô ‡πÇ‡∏£‡πÄ‡∏ã‡∏ô‡πÄ‡∏ö‡∏¥‡∏£‡πå‡∏Å ‡∏≠‡∏•‡∏±‡∏ô ‡∏≠‡∏µ‡πÄ‡∏Å‡∏¥‡∏•,Rangsit Boonyasettakul
2020/11/15,‡πÄ‡∏°‡∏∑‡πà‡∏≠‡∏ú‡∏°‡πÑ‡∏î‡πâ‡πÄ‡∏£‡∏µ‡∏¢‡∏ô DDD (Domain Driven Design),A‚Äôphirat Nimanussonkul
2020/11/15,‡∏°‡∏≤‡∏ó‡∏≥ YAGNI ‡∏Å‡∏±‡∏ô‡πÄ‡∏ñ‡∏≠‡∏∞ !!,Runyasak Chaengnaimuang
2020/11/16,‡∏´‡∏¢‡∏∏‡∏î Data-Driven ‡∏Å‡πà‡∏≠‡∏ô ‡πÄ‡∏£‡∏≤‡∏°‡∏≤ Data-Informed + Creative + Problem Solving ‡∏Å‡∏±‡∏ô‡∏î‡∏µ‡∏Å‡∏ß‡πà‡∏≤,Kan Ouivirach
2020/11/16,‡∏Å‡∏ß‡πà‡∏≤‡∏à‡∏∞‡∏°‡∏≤‡πÄ‡∏õ‡πá‡∏ô polyglot programmer,Chokchai Phatharamalai
2020/11/19,‡∏Ñ‡∏ß‡∏≤‡∏°‡πÄ‡∏´‡∏°‡∏∑‡∏≠‡∏ô‡∏Ç‡∏≠‡∏á Football coach ‡∏Å‡∏±‡∏ö Agile coach,Amorndej <Ko-Dookie>
2020/11/20,‡∏ï‡∏±‡πâ‡∏á‡∏ä‡∏∑‡πà‡∏≠ RESTful API Endpoint ‡πÅ‡∏ö‡∏ö‡πÑ‡∏°‡πà‡∏ï‡πâ‡∏≠‡∏á‡∏û‡∏∂‡πà‡∏á‡∏´‡∏•‡∏ß‡∏á‡∏û‡πà‡∏≠ (Part I),Bhuridech Sudsee
2020/11/24,‡∏à‡∏∏‡∏î‡πÄ‡∏£‡∏¥‡πà‡∏°‡∏ï‡πâ‡∏ô‡∏Ç‡∏≠‡∏á LeSSEx,Chokchai Phatharamalai
2020/11/24,‡πÉ‡∏´‡πâ Angular ‡πÅ‡∏™‡∏î‡∏á‡∏†‡∏≤‡∏û‡∏ó‡∏µ‡πà‡∏ï‡πâ‡∏≠‡∏á Authen ‡∏î‡πâ‡∏ß‡∏¢ JWT,Chonlasith Jucksriporn
2020/11/27,Connect MongoDB ‡πÉ‡∏ô Cypress,Kitphon Poonyapalang
2020/11/29,‡∏™‡∏£‡∏∏‡∏õ‡∏´‡∏•‡∏±‡∏á‡πÄ‡∏£‡∏µ‡∏¢‡∏ô User Research ‡∏Å‡∏±‡∏ö Thanabat,Kawee Lertrungmongkol
2020/11/30,‡∏Ç‡∏∂‡πâ‡∏ô‡∏ï‡πâ‡∏ô‡∏î‡πâ‡∏ß‡∏¢ R ‡∏•‡∏á‡∏ó‡πâ‡∏≤‡∏¢‡∏î‡πâ‡∏ß‡∏¢ E ‡πÉ‡∏Ñ‡∏£ ‡πÜ ‡∏Å‡πá‡∏ö‡∏≠‡∏Å‡∏ß‡πà‡∏≤‡∏î‡∏µ ‡πÅ‡∏ï‡πà‡πÑ‡∏°‡πà‡∏ó‡∏≥‡∏Å‡∏±‡∏ô,Chokchai Phatharamalai
2020/11/30,‡πÅ‡∏£‡∏á‡∏ö‡∏±‡∏ô‡∏î‡∏≤‡∏•‡πÉ‡∏à‡∏™‡∏≥‡∏´‡∏£‡∏±‡∏ö‡∏á‡∏≤‡∏ô UXTH 2020,Roof 44 Panichsombat
2020/11/30,‡πÉ‡∏ä‡πâ ControlValueAccessor ‡∏™‡πà‡∏á‡∏Ñ‡πà‡∏≤ Date Picker ‡πÉ‡∏ô Angular 8,Nitcharee Patkhunjiratawol
2020/11/30,‡πÄ‡∏°‡∏∑‡πà‡∏≠‡∏£‡∏π‡πâ‡∏ß‡πà‡∏≤‡∏Ç‡∏≠‡∏á‡∏ó‡∏µ‡πà‡∏Å‡∏≥‡∏•‡∏±‡∏á‡∏™‡∏£‡πâ‡∏≤‡∏á ‡∏à‡∏∞‡∏ñ‡∏π‡∏Å‡∏ô‡∏≥‡πÑ‡∏õ‡πÉ‡∏ä‡πâ‡∏≠‡∏¢‡πà‡∏≤‡∏á‡πÑ‡∏£ ‡∏õ‡∏£‡∏¥‡∏®‡∏ô‡∏≤‡∏à‡∏∞‡∏Ñ‡∏•‡∏µ‡πà‡∏Ñ‡∏•‡∏≤‡∏¢ (Outside-in),Prayoch Rujira
2020/12/02,‡πÄ‡∏Ç‡∏µ‡∏¢‡∏ô TypeScript ‡∏Å‡∏±‡∏ô‡∏ó‡∏≥‡πÑ‡∏°‡∏ô‡∏∞,Supawit R
2020/12/05,‡πÑ‡∏°‡πà‡∏ä‡∏≠‡∏ö‡∏°‡∏±‡∏ô,‡πÅ‡∏°‡∏ß‡πÉ‡∏ö‡πÑ‡∏°‡πâ ‡∏Ñ‡∏£‡∏≠‡∏á‡πÇ‡∏•‡∏Å Airmee Chanita Anuwong
2020/12/05,Jenkins ‚Äî ‡∏™‡πà‡∏á Notification ‡πÑ‡∏õ MS-Team ‡∏Å‡∏±‡∏ô,tumit
2020/12/07,‡∏Ñ‡∏ß‡∏≤‡∏°‡πÇ‡∏Ñ‡πâ‡∏ä,Chokchai Phatharamalai
2020/12/07,Hanlon‚Äôs Razor ‡∏≠‡∏¢‡πà‡∏≤‡πÄ‡∏û‡∏¥‡πà‡∏á‡πÑ‡∏õ‡∏ï‡∏±‡∏î‡∏™‡∏¥‡∏ô‡∏ß‡πà‡∏≤‡∏™‡∏¥‡πà‡∏á‡∏ó‡∏µ‡πà‡πÄ‡∏Ñ‡πâ‡∏≤‡∏ó‡∏≥‡∏°‡∏±‡∏ô‡πÅ‡∏¢‡πà,Kan Ouivirach
2020/12/07,‡∏≠‡∏á‡∏Ñ‡πå‡∏Å‡∏£‡∏Ç‡∏≠‡∏á‡πÄ‡∏£‡∏≤‡∏Ç‡∏±‡∏ö‡πÄ‡∏Ñ‡∏•‡∏∑‡πà‡∏≠‡∏ô‡∏î‡πâ‡∏ß‡∏¢‡∏Ç‡πâ‡∏≠‡∏°‡∏π‡∏•‡∏´‡∏£‡∏∑‡∏≠‡∏¢‡∏±‡∏á‡∏ô‡∏∞?,Kan Ouivirach
2020/12/09,Airflow 2.0 ‡∏°‡∏µ‡∏≠‡∏∞‡πÑ‡∏£‡πÉ‡∏´‡∏°‡πà‡∏ö‡πâ‡∏≤‡∏á ‡∏°‡∏≤‡∏î‡∏π‡∏Å‡∏±‡∏ô ü§©,Kan Ouivirach
2020/12/14,‡πÉ‡∏ô‡∏ß‡∏±‡∏ô‡∏ó‡∏µ‡πà‡∏ó‡∏∏‡∏Å‡∏≠‡∏¢‡πà‡∏≤‡∏á‡∏°‡∏±‡∏ô‡∏ñ‡∏≤‡πÇ‡∏ñ‡∏°‡πÄ‡∏Ç‡πâ‡∏≤‡∏°‡∏≤,Chokchai Phatharamalai
2020/12/21,‡πÉ‡∏ô‡∏ß‡∏±‡∏ô‡∏ó‡∏µ‡πà‡∏ó‡∏µ‡∏°‡∏ä‡∏∞‡∏á‡∏±‡∏Å,Chokchai Phatharamalai
2020/12/26,Install pip3 on Big Sur using Brew,‡πÅ‡∏°‡∏ß‡πÉ‡∏ö‡πÑ‡∏°‡πâ ‡∏Ñ‡∏£‡∏≠‡∏á‡πÇ‡∏•‡∏Å Airmee Chanita Anuwong
2020/12/27,‡∏≠‡∏¢‡∏≤‡∏Å‡∏ó‡∏≥‡∏á‡∏≤‡∏ô‡∏™‡∏≤‡∏¢ Data Science ‡πÄ‡∏£‡∏¥‡πà‡∏°‡∏ï‡πâ‡∏ô‡∏≠‡∏¢‡πà‡∏≤‡∏á‡πÑ‡∏£‡∏î‡∏µ?,Kan Ouivirach
2020/12/28,‡πÑ‡∏°‡πà‡∏°‡∏µ role ‡∏≠‡πÑ‡∏à‡∏•‡πå‡πÇ‡∏Ñ‡πâ‡∏ä‡πÉ‡∏ô‡∏™‡∏Å‡∏£‡∏±‡∏°,Chokchai Phatharamalai
2020/12/28,‡∏≠‡∏≤‡∏à‡∏≤‡∏£‡∏¢‡πå‡∏´‡∏°‡∏≤‡∏õ‡πà‡∏≤,‡πÅ‡∏°‡∏ß‡πÉ‡∏ö‡πÑ‡∏°‡πâ ‡∏Ñ‡∏£‡∏≠‡∏á‡πÇ‡∏•‡∏Å Airmee Chanita Anuwong
2020/12/30,‡∏Ñ‡∏ß‡∏≤‡∏°‡∏™‡∏ß‡∏¢‡∏á‡∏≤‡∏°‡∏ó‡∏µ‡πà‡πÑ‡∏°‡πà‡∏°‡∏µ‡∏™‡∏µ‡∏™‡∏±‡∏ô,Kamonlojn Phrompang
